,href,items,limit,next,offset,previous,total
0,"https://api.spotify.com/v1/artists/2YZyLoL8N0Wb9xBt1NhZWg/albums?include_groups=album,single,compilation,appears_on&offset=0&limit=20","{'album_group': 'album', 'album_type': 'album', 'artists': [{'external_urls': {'spotify': 'https://open.spotify.com/artist/2YZyLoL8N0Wb9xBt1NhZWg'}, 'href': 'https://api.spotify.com/v1/artists/2YZyLoL8N0Wb9xBt1NhZWg', 'id': '2YZyLoL8N0Wb9xBt1NhZWg', 'name': 'Kendrick Lamar', 'type': 'artist', 'uri': 'spotify:artist:2YZyLoL8N0Wb9xBt1NhZWg'}], 'available_markets': ['AR', 'AU', 'AT', 'BE', 'BO', 'BR', 'BG', 'CA', 'CL', 'CO', 'CR', 'CY', 'CZ', 'DK', 'DO', 'DE', 'EC', 'EE', 'SV', 'FI', 'FR', 'GR', 'GT', 'HN', 'HK', 'HU', 'IS', 'IE', 'IT', 'LV', 'LT', 'LU', 'MY', 'MT', 'MX', 'NL', 'NZ', 'NI', 'NO', 'PA', 'PY', 'PE', 'PH', 'PL', 'PT', 'SG', 'SK', 'ES', 'SE', 'CH', 'TW', 'TR', 'UY', 'US', 'GB', 'AD', 'LI', 'MC', 'ID', 'JP', 'TH', 'VN', 'RO', 'IL', 'ZA', 'SA', 'AE', 'BH', 'QA', 'OM', 'KW', 'EG', 'MA', 'DZ', 'TN', 'LB', 'JO', 'PS', 'IN', 'KZ', 'MD', 'UA', 'AL', 'BA', 'HR', 'ME', 'MK', 'RS', 'SI', 'KR', 'BD', 'PK', 'LK', 'GH', 'KE', 'NG', 'TZ', 'UG', 'AG', 'AM', 'BS', 'BB', 'BZ', 'BT', 'BW', 'BF', 'CV', 'CW', 'DM', 'FJ', 'GM', 'GE', 'GD', 'GW', 'GY', 'HT', 'JM', 'KI', 'LS', 'LR', 'MW', 'MV', 'ML', 'MH', 'FM', 'NA', 'NR', 'NE', 'PW', 'PG', 'WS', 'SM', 'ST', 'SN', 'SC', 'SL', 'SB', 'KN', 'LC', 'VC', 'SR', 'TL', 'TO', 'TT', 'TV', 'VU', 'AZ', 'BN', 'BI', 'KH', 'CM', 'TD', 'KM', 'GQ', 'SZ', 'GA', 'GN', 'KG', 'LA', 'MO', 'MR', 'MN', 'NP', 'RW', 'TG', 'UZ', 'ZW', 'BJ', 'MG', 'MU', 'MZ', 'AO', 'CI', 'DJ', 'ZM', 'CD', 'CG', 'IQ', 'LY', 'TJ', 'VE', 'ET', 'XK'], 'external_urls': {'spotify': 'https://open.spotify.com/album/79ONNoS4M9tfIA1mYLBYVX'}, 'href': 'https://api.spotify.com/v1/albums/79ONNoS4M9tfIA1mYLBYVX', 'id': '79ONNoS4M9tfIA1mYLBYVX', 'images': [{'height': 640, 'url': 'https://i.scdn.co/image/ab67616d0000b2732e02117d76426a08ac7c174f', 'width': 640}, {'height': 300, 'url': 'https://i.scdn.co/image/ab67616d00001e022e02117d76426a08ac7c174f', 'width': 300}, {'height': 64, 'url': 'https://i.scdn.co/image/ab67616d000048512e02117d76426a08ac7c174f', 'width': 64}], 'name': 'Mr. Morale & The Big Steppers', 'release_date': '2022-05-13', 'release_date_precision': 'day', 'total_tracks': 19, 'type': 'album', 'uri': 'spotify:album:79ONNoS4M9tfIA1mYLBYVX'}",20,"https://api.spotify.com/v1/artists/2YZyLoL8N0Wb9xBt1NhZWg/albums?include_groups=album,single,compilation,appears_on&offset=20&limit=20",0,,321
1,"https://api.spotify.com/v1/artists/2YZyLoL8N0Wb9xBt1NhZWg/albums?include_groups=album,single,compilation,appears_on&offset=0&limit=20","{'album_group': 'album', 'album_type': 'album', 'artists': [{'external_urls': {'spotify': 'https://open.spotify.com/artist/2YZyLoL8N0Wb9xBt1NhZWg'}, 'href': 'https://api.spotify.com/v1/artists/2YZyLoL8N0Wb9xBt1NhZWg', 'id': '2YZyLoL8N0Wb9xBt1NhZWg', 'name': 'Kendrick Lamar', 'type': 'artist', 'uri': 'spotify:artist:2YZyLoL8N0Wb9xBt1NhZWg'}, {'external_urls': {'spotify': 'https://open.spotify.com/artist/7tYKF4w9nC0nq9CsPZTHyP'}, 'href': 'https://api.spotify.com/v1/artists/7tYKF4w9nC0nq9CsPZTHyP', 'id': '7tYKF4w9nC0nq9CsPZTHyP', 'name': 'SZA', 'type': 'artist', 'uri': 'spotify:artist:7tYKF4w9nC0nq9CsPZTHyP'}], 'available_markets': ['AR', 'AU', 'AT', 'BE', 'BO', 'BR', 'BG', 'CA', 'CL', 'CO', 'CR', 'CY', 'CZ', 'DK', 'DO', 'DE', 'EC', 'EE', 'SV', 'FI', 'FR', 'GR', 'GT', 'HN', 'HK', 'HU', 'IS', 'IE', 'IT', 'LV', 'LT', 'LU', 'MY', 'MT', 'MX', 'NL', 'NZ', 'NI', 'NO', 'PA', 'PY', 'PE', 'PH', 'PL', 'PT', 'SG', 'SK', 'ES', 'SE', 'CH', 'TW', 'TR', 'UY', 'US', 'GB', 'AD', 'LI', 'MC', 'ID', 'JP', 'TH', 'VN', 'RO', 'IL', 'ZA', 'SA', 'AE', 'BH', 'QA', 'OM', 'KW', 'EG', 'MA', 'DZ', 'TN', 'LB', 'JO', 'PS', 'IN', 'KZ', 'MD', 'UA', 'AL', 'BA', 'HR', 'ME', 'MK', 'RS', 'SI', 'KR', 'BD', 'PK', 'LK', 'GH', 'KE', 'NG', 'TZ', 'UG', 'AG', 'AM', 'BS', 'BB', 'BZ', 'BT', 'BW', 'CV', 'CW', 'DM', 'FJ', 'GM', 'GE', 'GD', 'GW', 'GY', 'HT', 'JM', 'KI', 'LS', 'LR', 'MW', 'MV', 'ML', 'MH', 'FM', 'NA', 'NR', 'NE', 'PW', 'PG', 'WS', 'SM', 'ST', 'SN', 'SC', 'SL', 'SB', 'KN', 'LC', 'VC', 'SR', 'TL', 'TO', 'TT', 'TV', 'VU', 'AZ', 'BI', 'KH', 'CM', 'TD', 'KM', 'GQ', 'SZ', 'GA', 'GN', 'KG', 'LA', 'MO', 'MR', 'MN', 'RW', 'TG', 'ZW', 'BJ', 'MG', 'MU', 'MZ', 'AO', 'CI', 'DJ', 'ZM', 'CD', 'CG', 'IQ', 'LY', 'TJ', 'VE', 'ET', 'XK'], 'external_urls': {'spotify': 'https://open.spotify.com/album/3pLdWdkj83EYfDN6H2N8MR'}, 'href': 'https://api.spotify.com/v1/albums/3pLdWdkj83EYfDN6H2N8MR', 'id': '3pLdWdkj83EYfDN6H2N8MR', 'images': [{'height': 640, 'url': 'https://i.scdn.co/image/ab67616d0000b273c027ad28821777b00dcaa888', 'width': 640}, {'height': 300, 'url': 'https://i.scdn.co/image/ab67616d00001e02c027ad28821777b00dcaa888', 'width': 300}, {'height': 64, 'url': 'https://i.scdn.co/image/ab67616d00004851c027ad28821777b00dcaa888', 'width': 64}], 'name': 'Black Panther The Album Music From And Inspired By', 'release_date': '2018-02-09', 'release_date_precision': 'day', 'total_tracks': 14, 'type': 'album', 'uri': 'spotify:album:3pLdWdkj83EYfDN6H2N8MR'}",20,"https://api.spotify.com/v1/artists/2YZyLoL8N0Wb9xBt1NhZWg/albums?include_groups=album,single,compilation,appears_on&offset=20&limit=20",0,,321
2,"https://api.spotify.com/v1/artists/2YZyLoL8N0Wb9xBt1NhZWg/albums?include_groups=album,single,compilation,appears_on&offset=0&limit=20","{'album_group': 'album', 'album_type': 'album', 'artists': [{'external_urls': {'spotify': 'https://open.spotify.com/artist/2YZyLoL8N0Wb9xBt1NhZWg'}, 'href': 'https://api.spotify.com/v1/artists/2YZyLoL8N0Wb9xBt1NhZWg', 'id': '2YZyLoL8N0Wb9xBt1NhZWg', 'name': 'Kendrick Lamar', 'type': 'artist', 'uri': 'spotify:artist:2YZyLoL8N0Wb9xBt1NhZWg'}], 'available_markets': ['AR', 'AU', 'AT', 'BE', 'BO', 'BR', 'BG', 'CA', 'CL', 'CO', 'CR', 'CY', 'CZ', 'DK', 'DO', 'DE', 'EC', 'EE', 'SV', 'FI', 'FR', 'GR', 'GT', 'HN', 'HK', 'HU', 'IS', 'IE', 'IT', 'LV', 'LT', 'LU', 'MY', 'MT', 'MX', 'NL', 'NZ', 'NI', 'NO', 'PA', 'PY', 'PE', 'PH', 'PL', 'PT', 'SG', 'SK', 'ES', 'SE', 'CH', 'TW', 'TR', 'UY', 'US', 'GB', 'AD', 'LI', 'MC', 'ID', 'JP', 'TH', 'VN', 'RO', 'IL', 'ZA', 'SA', 'AE', 'BH', 'QA', 'OM', 'KW', 'EG', 'MA', 'DZ', 'TN', 'LB', 'JO', 'PS', 'IN', 'BY', 'KZ', 'MD', 'UA', 'AL', 'BA', 'HR', 'ME', 'MK', 'RS', 'SI', 'KR', 'BD', 'PK', 'LK', 'GH', 'KE', 'NG', 'TZ', 'UG', 'AG', 'AM', 'BS', 'BB', 'BZ', 'BT', 'BW', 'BF', 'CV', 'CW', 'DM', 'FJ', 'GM', 'GE', 'GD', 'GW', 'GY', 'HT', 'JM', 'KI', 'LS', 'LR', 'MW', 'MV', 'ML', 'MH', 'FM', 'NA', 'NR', 'NE', 'PW', 'PG', 'WS', 'SM', 'ST', 'SN', 'SC', 'SL', 'SB', 'KN', 'LC', 'VC', 'SR', 'TL', 'TO', 'TT', 'TV', 'VU', 'AZ', 'BN', 'BI', 'KH', 'CM', 'TD', 'KM', 'GQ', 'SZ', 'GA', 'GN', 'KG', 'LA', 'MO', 'MR', 'MN', 'NP', 'RW', 'TG', 'UZ', 'ZW', 'BJ', 'MG', 'MU', 'MZ', 'AO', 'CI', 'DJ', 'ZM', 'CD', 'CG', 'IQ', 'LY', 'TJ', 'VE', 'ET', 'XK'], 'external_urls': {'spotify': 'https://open.spotify.com/album/4alcGHjstaALJHHiljfy3H'}, 'href': 'https://api.spotify.com/v1/albums/4alcGHjstaALJHHiljfy3H', 'id': '4alcGHjstaALJHHiljfy3H', 'images': [{'height': 640, 'url': 'https://i.scdn.co/image/ab67616d0000b273add9eb25744782c3717c9368', 'width': 640}, {'height': 300, 'url': 'https://i.scdn.co/image/ab67616d00001e02add9eb25744782c3717c9368', 'width': 300}, {'height': 64, 'url': 'https://i.scdn.co/image/ab67616d00004851add9eb25744782c3717c9368', 'width': 64}], 'name': 'DAMN. COLLECTORS EDITION.', 'release_date': '2017-12-08', 'release_date_precision': 'day', 'total_tracks': 14, 'type': 'album', 'uri': 'spotify:album:4alcGHjstaALJHHiljfy3H'}",20,"https://api.spotify.com/v1/artists/2YZyLoL8N0Wb9xBt1NhZWg/albums?include_groups=album,single,compilation,appears_on&offset=20&limit=20",0,,321
3,"https://api.spotify.com/v1/artists/2YZyLoL8N0Wb9xBt1NhZWg/albums?include_groups=album,single,compilation,appears_on&offset=0&limit=20","{'album_group': 'album', 'album_type': 'album', 'artists': [{'external_urls': {'spotify': 'https://open.spotify.com/artist/2YZyLoL8N0Wb9xBt1NhZWg'}, 'href': 'https://api.spotify.com/v1/artists/2YZyLoL8N0Wb9xBt1NhZWg', 'id': '2YZyLoL8N0Wb9xBt1NhZWg', 'name': 'Kendrick Lamar', 'type': 'artist', 'uri': 'spotify:artist:2YZyLoL8N0Wb9xBt1NhZWg'}], 'available_markets': ['AR', 'AU', 'AT', 'BE', 'BO', 'BR', 'BG', 'CA', 'CL', 'CO', 'CR', 'CY', 'CZ', 'DK', 'DO', 'DE', 'EC', 'EE', 'SV', 'FI', 'FR', 'GR', 'GT', 'HN', 'HK', 'HU', 'IS', 'IE', 'IT', 'LV', 'LT', 'LU', 'MY', 'MT', 'MX', 'NL', 'NZ', 'NI', 'NO', 'PA', 'PY', 'PE', 'PH', 'PL', 'PT', 'SG', 'SK', 'ES', 'SE', 'CH', 'TW', 'TR', 'UY', 'US', 'GB', 'AD', 'LI', 'MC', 'ID', 'JP', 'TH', 'VN', 'RO', 'IL', 'ZA', 'SA', 'AE', 'BH', 'QA', 'OM', 'KW', 'EG', 'MA', 'DZ', 'TN', 'LB', 'JO', 'PS', 'IN', 'BY', 'KZ', 'MD', 'UA', 'AL', 'BA', 'HR', 'ME', 'MK', 'RS', 'SI', 'KR', 'BD', 'PK', 'LK', 'GH', 'KE', 'NG', 'TZ', 'UG', 'AG', 'AM', 'BS', 'BB', 'BZ', 'BT', 'BW', 'BF', 'CV', 'CW', 'DM', 'FJ', 'GM', 'GE', 'GD', 'GW', 'GY', 'HT', 'JM', 'KI', 'LS', 'LR', 'MW', 'MV', 'ML', 'MH', 'FM', 'NA', 'NR', 'NE', 'PW', 'PG', 'WS', 'SM', 'ST', 'SN', 'SC', 'SL', 'SB', 'KN', 'LC', 'VC', 'SR', 'TL', 'TO', 'TT', 'TV', 'VU', 'AZ', 'BN', 'BI', 'KH', 'CM', 'TD', 'KM', 'GQ', 'SZ', 'GA', 'GN', 'KG', 'LA', 'MO', 'MR', 'MN', 'NP', 'RW', 'TG', 'UZ', 'ZW', 'BJ', 'MG', 'MU', 'MZ', 'AO', 'CI', 'DJ', 'ZM', 'CD', 'CG', 'IQ', 'LY', 'TJ', 'VE', 'ET', 'XK'], 'external_urls': {'spotify': 'https://open.spotify.com/album/4eLPsYPBmXABThSJ821sqY'}, 'href': 'https://api.spotify.com/v1/albums/4eLPsYPBmXABThSJ821sqY', 'id': '4eLPsYPBmXABThSJ821sqY', 'images': [{'height': 640, 'url': 'https://i.scdn.co/image/ab67616d0000b2738b52c6b9bc4e43d873869699', 'width': 640}, {'height': 300, 'url': 'https://i.scdn.co/image/ab67616d00001e028b52c6b9bc4e43d873869699', 'width': 300}, {'height': 64, 'url': 'https://i.scdn.co/image/ab67616d000048518b52c6b9bc4e43d873869699', 'width': 64}], 'name': 'DAMN.', 'release_date': '2017-04-14', 'release_date_precision': 'day', 'total_tracks': 14, 'type': 'album', 'uri': 'spotify:album:4eLPsYPBmXABThSJ821sqY'}",20,"https://api.spotify.com/v1/artists/2YZyLoL8N0Wb9xBt1NhZWg/albums?include_groups=album,single,compilation,appears_on&offset=20&limit=20",0,,321
4,"https://api.spotify.com/v1/artists/2YZyLoL8N0Wb9xBt1NhZWg/albums?include_groups=album,single,compilation,appears_on&offset=0&limit=20","{'album_group': 'album', 'album_type': 'album', 'artists': [{'external_urls': {'spotify': 'https://open.spotify.com/artist/2YZyLoL8N0Wb9xBt1NhZWg'}, 'href': 'https://api.spotify.com/v1/artists/2YZyLoL8N0Wb9xBt1NhZWg', 'id': '2YZyLoL8N0Wb9xBt1NhZWg', 'name': 'Kendrick Lamar', 'type': 'artist', 'uri': 'spotify:artist:2YZyLoL8N0Wb9xBt1NhZWg'}], 'available_markets': ['AR', 'AU', 'AT', 'BE', 'BO', 'BR', 'BG', 'CA', 'CL', 'CO', 'CR', 'CY', 'CZ', 'DK', 'DO', 'DE', 'EC', 'EE', 'SV', 'FI', 'FR', 'GR', 'GT', 'HN', 'HK', 'HU', 'IS', 'IE', 'IT', 'LV', 'LT', 'LU', 'MY', 'MT', 'MX', 'NL', 'NZ', 'NI', 'NO', 'PA', 'PY', 'PE', 'PH', 'PL', 'PT', 'SG', 'SK', 'ES', 'SE', 'CH', 'TW', 'TR', 'UY', 'US', 'GB', 'AD', 'LI', 'MC', 'ID', 'JP', 'TH', 'VN', 'RO', 'IL', 'ZA', 'SA', 'AE', 'BH', 'QA', 'OM', 'KW', 'EG', 'MA', 'DZ', 'TN', 'LB', 'JO', 'PS', 'IN', 'BY', 'KZ', 'MD', 'UA', 'AL', 'BA', 'HR', 'ME', 'MK', 'RS', 'SI', 'KR', 'BD', 'PK', 'LK', 'GH', 'KE', 'NG', 'TZ', 'UG', 'AG', 'AM', 'BS', 'BB', 'BZ', 'BT', 'BW', 'BF', 'CV', 'CW', 'DM', 'FJ', 'GM', 'GE', 'GD', 'GW', 'GY', 'HT', 'JM', 'KI', 'LS', 'LR', 'MW', 'MV', 'ML', 'MH', 'FM', 'NA', 'NR', 'NE', 'PW', 'PG', 'WS', 'SM', 'ST', 'SN', 'SC', 'SL', 'SB', 'KN', 'LC', 'VC', 'SR', 'TL', 'TO', 'TT', 'TV', 'VU', 'AZ', 'BN', 'BI', 'KH', 'CM', 'TD', 'KM', 'GQ', 'SZ', 'GA', 'GN', 'KG', 'LA', 'MO', 'MR', 'MN', 'NP', 'RW', 'TG', 'UZ', 'ZW', 'BJ', 'MG', 'MU', 'MZ', 'AO', 'CI', 'DJ', 'ZM', 'CD', 'CG', 'IQ', 'LY', 'TJ', 'VE', 'ET', 'XK'], 'external_urls': {'spotify': 'https://open.spotify.com/album/0kL3TYRsSXnu0iJvFO3rud'}, 'href': 'https://api.spotify.com/v1/albums/0kL3TYRsSXnu0iJvFO3rud', 'id': '0kL3TYRsSXnu0iJvFO3rud', 'images': [{'height': 640, 'url': 'https://i.scdn.co/image/ab67616d0000b2738c697f553a46006a5d8886b2', 'width': 640}, {'height': 300, 'url': 'https://i.scdn.co/image/ab67616d00001e028c697f553a46006a5d8886b2', 'width': 300}, {'height': 64, 'url': 'https://i.scdn.co/image/ab67616d000048518c697f553a46006a5d8886b2', 'width': 64}], 'name': 'untitled unmastered.', 'release_date': '2016-03-04', 'release_date_precision': 'day', 'total_tracks': 8, 'type': 'album', 'uri': 'spotify:album:0kL3TYRsSXnu0iJvFO3rud'}",20,"https://api.spotify.com/v1/artists/2YZyLoL8N0Wb9xBt1NhZWg/albums?include_groups=album,single,compilation,appears_on&offset=20&limit=20",0,,321
5,"https://api.spotify.com/v1/artists/2YZyLoL8N0Wb9xBt1NhZWg/albums?include_groups=album,single,compilation,appears_on&offset=0&limit=20","{'album_group': 'album', 'album_type': 'album', 'artists': [{'external_urls': {'spotify': 'https://open.spotify.com/artist/2YZyLoL8N0Wb9xBt1NhZWg'}, 'href': 'https://api.spotify.com/v1/artists/2YZyLoL8N0Wb9xBt1NhZWg', 'id': '2YZyLoL8N0Wb9xBt1NhZWg', 'name': 'Kendrick Lamar', 'type': 'artist', 'uri': 'spotify:artist:2YZyLoL8N0Wb9xBt1NhZWg'}], 'available_markets': ['AR', 'AU', 'AT', 'BE', 'BO', 'BR', 'BG', 'CA', 'CL', 'CO', 'CR', 'CY', 'CZ', 'DK', 'DO', 'DE', 'EC', 'EE', 'SV', 'FI', 'FR', 'GR', 'GT', 'HN', 'HK', 'HU', 'IS', 'IE', 'IT', 'LV', 'LT', 'LU', 'MY', 'MT', 'MX', 'NL', 'NZ', 'NI', 'NO', 'PA', 'PY', 'PE', 'PH', 'PL', 'PT', 'SG', 'SK', 'ES', 'SE', 'CH', 'TW', 'TR', 'UY', 'US', 'GB', 'AD', 'LI', 'MC', 'ID', 'JP', 'TH', 'VN', 'RO', 'IL', 'ZA', 'SA', 'AE', 'BH', 'QA', 'OM', 'KW', 'EG', 'MA', 'DZ', 'TN', 'LB', 'JO', 'PS', 'IN', 'BY', 'KZ', 'MD', 'UA', 'AL', 'BA', 'HR', 'ME', 'MK', 'RS', 'SI', 'KR', 'BD', 'PK', 'LK', 'GH', 'KE', 'NG', 'TZ', 'UG', 'AG', 'AM', 'BS', 'BB', 'BZ', 'BT', 'BW', 'BF', 'CV', 'CW', 'DM', 'FJ', 'GM', 'GE', 'GD', 'GW', 'GY', 'HT', 'JM', 'KI', 'LS', 'LR', 'MW', 'MV', 'ML', 'MH', 'FM', 'NA', 'NR', 'NE', 'PW', 'PG', 'WS', 'SM', 'ST', 'SN', 'SC', 'SL', 'SB', 'KN', 'LC', 'VC', 'SR', 'TL', 'TO', 'TT', 'TV', 'VU', 'AZ', 'BN', 'BI', 'KH', 'CM', 'TD', 'KM', 'GQ', 'SZ', 'GA', 'GN', 'KG', 'LA', 'MO', 'MR', 'MN', 'NP', 'RW', 'TG', 'UZ', 'ZW', 'BJ', 'MG', 'MU', 'MZ', 'AO', 'CI', 'DJ', 'ZM', 'CD', 'CG', 'IQ', 'LY', 'TJ', 'VE', 'ET', 'XK'], 'external_urls': {'spotify': 'https://open.spotify.com/album/7ycBtnsMtyVbbwTfJwRjSP'}, 'href': 'https://api.spotify.com/v1/albums/7ycBtnsMtyVbbwTfJwRjSP', 'id': '7ycBtnsMtyVbbwTfJwRjSP', 'images': [{'height': 640, 'url': 'https://i.scdn.co/image/ab67616d0000b273cdb645498cd3d8a2db4d05e1', 'width': 640}, {'height': 300, 'url': 'https://i.scdn.co/image/ab67616d00001e02cdb645498cd3d8a2db4d05e1', 'width': 300}, {'height': 64, 'url': 'https://i.scdn.co/image/ab67616d00004851cdb645498cd3d8a2db4d05e1', 'width': 64}], 'name': 'To Pimp A Butterfly', 'release_date': '2015-03-16', 'release_date_precision': 'day', 'total_tracks': 16, 'type': 'album', 'uri': 'spotify:album:7ycBtnsMtyVbbwTfJwRjSP'}",20,"https://api.spotify.com/v1/artists/2YZyLoL8N0Wb9xBt1NhZWg/albums?include_groups=album,single,compilation,appears_on&offset=20&limit=20",0,,321
6,"https://api.spotify.com/v1/artists/2YZyLoL8N0Wb9xBt1NhZWg/albums?include_groups=album,single,compilation,appears_on&offset=0&limit=20","{'album_group': 'album', 'album_type': 'album', 'artists': [{'external_urls': {'spotify': 'https://open.spotify.com/artist/2YZyLoL8N0Wb9xBt1NhZWg'}, 'href': 'https://api.spotify.com/v1/artists/2YZyLoL8N0Wb9xBt1NhZWg', 'id': '2YZyLoL8N0Wb9xBt1NhZWg', 'name': 'Kendrick Lamar', 'type': 'artist', 'uri': 'spotify:artist:2YZyLoL8N0Wb9xBt1NhZWg'}], 'available_markets': ['CA', 'US'], 'external_urls': {'spotify': 'https://open.spotify.com/album/3DGQ1iZ9XKUQxAUWjfC34w'}, 'href': 'https://api.spotify.com/v1/albums/3DGQ1iZ9XKUQxAUWjfC34w', 'id': '3DGQ1iZ9XKUQxAUWjfC34w', 'images': [{'height': 640, 'url': 'https://i.scdn.co/image/ab67616d0000b273d58e537cea05c2156792c53d', 'width': 640}, {'height': 300, 'url': 'https://i.scdn.co/image/ab67616d00001e02d58e537cea05c2156792c53d', 'width': 300}, {'height': 64, 'url': 'https://i.scdn.co/image/ab67616d00004851d58e537cea05c2156792c53d', 'width': 64}], 'name': 'good kid, m.A.A.d city (Deluxe)', 'release_date': '2012', 'release_date_precision': 'year', 'total_tracks': 17, 'type': 'album', 'uri': 'spotify:album:3DGQ1iZ9XKUQxAUWjfC34w'}",20,"https://api.spotify.com/v1/artists/2YZyLoL8N0Wb9xBt1NhZWg/albums?include_groups=album,single,compilation,appears_on&offset=20&limit=20",0,,321
7,"https://api.spotify.com/v1/artists/2YZyLoL8N0Wb9xBt1NhZWg/albums?include_groups=album,single,compilation,appears_on&offset=0&limit=20","{'album_group': 'album', 'album_type': 'album', 'artists': [{'external_urls': {'spotify': 'https://open.spotify.com/artist/2YZyLoL8N0Wb9xBt1NhZWg'}, 'href': 'https://api.spotify.com/v1/artists/2YZyLoL8N0Wb9xBt1NhZWg', 'id': '2YZyLoL8N0Wb9xBt1NhZWg', 'name': 'Kendrick Lamar', 'type': 'artist', 'uri': 'spotify:artist:2YZyLoL8N0Wb9xBt1NhZWg'}], 'available_markets': ['CA', 'MX', 'US'], 'external_urls': {'spotify': 'https://open.spotify.com/album/6PBZN8cbwkqm1ERj2BGXJ1'}, 'href': 'https://api.spotify.com/v1/albums/6PBZN8cbwkqm1ERj2BGXJ1', 'id': '6PBZN8cbwkqm1ERj2BGXJ1', 'images': [{'height': 640, 'url': 'https://i.scdn.co/image/ab67616d0000b273d28d2ebdedb220e479743797', 'width': 640}, {'height': 300, 'url': 'https://i.scdn.co/image/ab67616d00001e02d28d2ebdedb220e479743797', 'width': 300}, {'height': 64, 'url': 'https://i.scdn.co/image/ab67616d00004851d28d2ebdedb220e479743797', 'width': 64}], 'name': 'good kid, m.A.A.d city', 'release_date': '2012', 'release_date_precision': 'year', 'total_tracks': 13, 'type': 'album', 'uri': 'spotify:album:6PBZN8cbwkqm1ERj2BGXJ1'}",20,"https://api.spotify.com/v1/artists/2YZyLoL8N0Wb9xBt1NhZWg/albums?include_groups=album,single,compilation,appears_on&offset=20&limit=20",0,,321
8,"https://api.spotify.com/v1/artists/2YZyLoL8N0Wb9xBt1NhZWg/albums?include_groups=album,single,compilation,appears_on&offset=0&limit=20","{'album_group': 'album', 'album_type': 'album', 'artists': [{'external_urls': {'spotify': 'https://open.spotify.com/artist/2YZyLoL8N0Wb9xBt1NhZWg'}, 'href': 'https://api.spotify.com/v1/artists/2YZyLoL8N0Wb9xBt1NhZWg', 'id': '2YZyLoL8N0Wb9xBt1NhZWg', 'name': 'Kendrick Lamar', 'type': 'artist', 'uri': 'spotify:artist:2YZyLoL8N0Wb9xBt1NhZWg'}], 'available_markets': ['AR', 'AU', 'AT', 'BE', 'BO', 'BR', 'BG', 'CA', 'CL', 'CO', 'CR', 'CY', 'CZ', 'DK', 'DO', 'DE', 'EC', 'EE', 'SV', 'FI', 'FR', 'GR', 'GT', 'HN', 'HK', 'HU', 'IS', 'IE', 'IT', 'LV', 'LT', 'LU', 'MY', 'MT', 'MX', 'NL', 'NZ', 'NI', 'NO', 'PA', 'PY', 'PE', 'PH', 'PL', 'PT', 'SG', 'SK', 'ES', 'SE', 'CH', 'TW', 'TR', 'UY', 'US', 'GB', 'AD', 'LI', 'MC', 'ID', 'JP', 'TH', 'VN', 'RO', 'IL', 'ZA', 'SA', 'AE', 'BH', 'QA', 'OM', 'KW', 'EG', 'MA', 'DZ', 'TN', 'LB', 'JO', 'PS', 'IN', 'BY', 'KZ', 'MD', 'UA', 'AL', 'BA', 'HR', 'ME', 'MK', 'RS', 'SI', 'KR', 'BD', 'PK', 'LK', 'GH', 'KE', 'NG', 'TZ', 'UG', 'AG', 'AM', 'BS', 'BB', 'BZ', 'BT', 'BW', 'BF', 'CV', 'CW', 'DM', 'FJ', 'GM', 'GE', 'GD', 'GW', 'GY', 'HT', 'JM', 'KI', 'LS', 'LR', 'MW', 'MV', 'ML', 'MH', 'FM', 'NA', 'NR', 'NE', 'PW', 'PG', 'WS', 'SM', 'ST', 'SN', 'SC', 'SL', 'SB', 'KN', 'LC', 'VC', 'SR', 'TL', 'TO', 'TT', 'TV', 'VU', 'AZ', 'BN', 'BI', 'KH', 'CM', 'TD', 'KM', 'GQ', 'SZ', 'GA', 'GN', 'KG', 'LA', 'MO', 'MR', 'MN', 'NP', 'RW', 'TG', 'UZ', 'ZW', 'BJ', 'MG', 'MU', 'MZ', 'AO', 'CI', 'DJ', 'ZM', 'CD', 'CG', 'IQ', 'LY', 'TJ', 'VE', 'ET', 'XK'], 'external_urls': {'spotify': 'https://open.spotify.com/album/1bkN9nIkkCnXeG4yitVS1J'}, 'href': 'https://api.spotify.com/v1/albums/1bkN9nIkkCnXeG4yitVS1J', 'id': '1bkN9nIkkCnXeG4yitVS1J', 'images': [{'height': 640, 'url': 'https://i.scdn.co/image/ab67616d0000b273eddb2639b74ac6c202032ebe', 'width': 640}, {'height': 300, 'url': 'https://i.scdn.co/image/ab67616d00001e02eddb2639b74ac6c202032ebe', 'width': 300}, {'height': 64, 'url': 'https://i.scdn.co/image/ab67616d00004851eddb2639b74ac6c202032ebe', 'width': 64}], 'name': 'Section.80', 'release_date': '2011-07-02', 'release_date_precision': 'day', 'total_tracks': 15, 'type': 'album', 'uri': 'spotify:album:1bkN9nIkkCnXeG4yitVS1J'}",20,"https://api.spotify.com/v1/artists/2YZyLoL8N0Wb9xBt1NhZWg/albums?include_groups=album,single,compilation,appears_on&offset=20&limit=20",0,,321
9,"https://api.spotify.com/v1/artists/2YZyLoL8N0Wb9xBt1NhZWg/albums?include_groups=album,single,compilation,appears_on&offset=0&limit=20","{'album_group': 'album', 'album_type': 'album', 'artists': [{'external_urls': {'spotify': 'https://open.spotify.com/artist/2YZyLoL8N0Wb9xBt1NhZWg'}, 'href': 'https://api.spotify.com/v1/artists/2YZyLoL8N0Wb9xBt1NhZWg', 'id': '2YZyLoL8N0Wb9xBt1NhZWg', 'name': 'Kendrick Lamar', 'type': 'artist', 'uri': 'spotify:artist:2YZyLoL8N0Wb9xBt1NhZWg'}], 'available_markets': ['AR', 'AU', 'AT', 'BE', 'BO', 'BR', 'BG', 'CA', 'CL', 'CO', 'CR', 'CY', 'CZ', 'DK', 'DO', 'DE', 'EC', 'EE', 'SV', 'FI', 'FR', 'GR', 'GT', 'HN', 'HK', 'HU', 'IS', 'IE', 'IT', 'LV', 'LT', 'LU', 'MY', 'MT', 'MX', 'NL', 'NZ', 'NI', 'NO', 'PA', 'PY', 'PE', 'PH', 'PL', 'PT', 'SG', 'SK', 'ES', 'SE', 'CH', 'TW', 'TR', 'UY', 'US', 'GB', 'AD', 'LI', 'MC', 'ID', 'JP', 'TH', 'VN', 'RO', 'IL', 'ZA', 'SA', 'AE', 'BH', 'QA', 'OM', 'KW', 'EG', 'MA', 'DZ', 'TN', 'LB', 'JO', 'PS', 'IN', 'BY', 'KZ', 'MD', 'UA', 'AL', 'BA', 'HR', 'ME', 'MK', 'RS', 'SI', 'KR', 'BD', 'PK', 'LK', 'GH', 'KE', 'NG', 'TZ', 'UG', 'AG', 'AM', 'BS', 'BB', 'BZ', 'BT', 'BW', 'BF', 'CV', 'CW', 'DM', 'FJ', 'GM', 'GE', 'GD', 'GW', 'GY', 'HT', 'JM', 'KI', 'LS', 'LR', 'MW', 'MV', 'ML', 'MH', 'FM', 'NA', 'NR', 'NE', 'PW', 'PG', 'WS', 'SM', 'ST', 'SN', 'SC', 'SL', 'SB', 'KN', 'LC', 'VC', 'SR', 'TL', 'TO', 'TT', 'TV', 'VU', 'AZ', 'BN', 'BI', 'KH', 'CM', 'TD', 'KM', 'GQ', 'SZ', 'GA', 'GN', 'KG', 'LA', 'MO', 'MR', 'MN', 'NP', 'RW', 'TG', 'UZ', 'ZW', 'BJ', 'MG', 'MU', 'MZ', 'AO', 'CI', 'DJ', 'ZM', 'CD', 'CG', 'IQ', 'LY', 'TJ', 'VE', 'ET', 'XK'], 'external_urls': {'spotify': 'https://open.spotify.com/album/7MoLQ8vckhwBbQqEYQTYQC'}, 'href': 'https://api.spotify.com/v1/albums/7MoLQ8vckhwBbQqEYQTYQC', 'id': '7MoLQ8vckhwBbQqEYQTYQC', 'images': [{'height': 640, 'url': 'https://i.scdn.co/image/ab67616d0000b2739b035b031d9f0a6a75ae464e', 'width': 640}, {'height': 300, 'url': 'https://i.scdn.co/image/ab67616d00001e029b035b031d9f0a6a75ae464e', 'width': 300}, {'height': 64, 'url': 'https://i.scdn.co/image/ab67616d000048519b035b031d9f0a6a75ae464e', 'width': 64}], 'name': 'Overly Dedicated', 'release_date': '2010-09-14', 'release_date_precision': 'day', 'total_tracks': 12, 'type': 'album', 'uri': 'spotify:album:7MoLQ8vckhwBbQqEYQTYQC'}",20,"https://api.spotify.com/v1/artists/2YZyLoL8N0Wb9xBt1NhZWg/albums?include_groups=album,single,compilation,appears_on&offset=20&limit=20",0,,321
10,"https://api.spotify.com/v1/artists/2YZyLoL8N0Wb9xBt1NhZWg/albums?include_groups=album,single,compilation,appears_on&offset=0&limit=20","{'album_group': 'single', 'album_type': 'single', 'artists': [{'external_urls': {'spotify': 'https://open.spotify.com/artist/5SXuuuRpukkTvsLuUknva1'}, 'href': 'https://api.spotify.com/v1/artists/5SXuuuRpukkTvsLuUknva1', 'id': '5SXuuuRpukkTvsLuUknva1', 'name': 'Baby Keem', 'type': 'artist', 'uri': 'spotify:artist:5SXuuuRpukkTvsLuUknva1'}, {'external_urls': {'spotify': 'https://open.spotify.com/artist/2YZyLoL8N0Wb9xBt1NhZWg'}, 'href': 'https://api.spotify.com/v1/artists/2YZyLoL8N0Wb9xBt1NhZWg', 'id': '2YZyLoL8N0Wb9xBt1NhZWg', 'name': 'Kendrick Lamar', 'type': 'artist', 'uri': 'spotify:artist:2YZyLoL8N0Wb9xBt1NhZWg'}], 'available_markets': ['AR', 'AU', 'AT', 'BE', 'BO', 'BR', 'BG', 'CA', 'CL', 'CO', 'CR', 'CY', 'CZ', 'DK', 'DO', 'DE', 'EC', 'EE', 'SV', 'FI', 'FR', 'GR', 'GT', 'HN', 'HK', 'HU', 'IS', 'IE', 'IT', 'LV', 'LT', 'LU', 'MY', 'MT', 'MX', 'NL', 'NZ', 'NI', 'NO', 'PA', 'PY', 'PE', 'PH', 'PL', 'PT', 'SG', 'SK', 'ES', 'SE', 'CH', 'TW', 'TR', 'UY', 'US', 'GB', 'AD', 'LI', 'MC', 'ID', 'JP', 'TH', 'VN', 'RO', 'IL', 'ZA', 'SA', 'AE', 'BH', 'QA', 'OM', 'KW', 'EG', 'MA', 'DZ', 'TN', 'LB', 'JO', 'PS', 'IN', 'BY', 'KZ', 'MD', 'UA', 'AL', 'BA', 'HR', 'ME', 'MK', 'RS', 'SI', 'KR', 'BD', 'PK', 'LK', 'GH', 'KE', 'NG', 'TZ', 'UG', 'AG', 'AM', 'BS', 'BB', 'BZ', 'BT', 'BW', 'BF', 'CV', 'CW', 'DM', 'FJ', 'GM', 'GE', 'GD', 'GW', 'GY', 'HT', 'JM', 'KI', 'LS', 'LR', 'MW', 'MV', 'ML', 'MH', 'FM', 'NA', 'NR', 'NE', 'PW', 'PG', 'WS', 'SM', 'ST', 'SN', 'SC', 'SL', 'SB', 'KN', 'LC', 'VC', 'SR', 'TL', 'TO', 'TT', 'TV', 'VU', 'AZ', 'BN', 'BI', 'KH', 'CM', 'TD', 'KM', 'GQ', 'SZ', 'GA', 'GN', 'KG', 'LA', 'MO', 'MR', 'MN', 'NP', 'RW', 'TG', 'UZ', 'ZW', 'BJ', 'MG', 'MU', 'MZ', 'AO', 'CI', 'DJ', 'ZM', 'CD', 'CG', 'IQ', 'LY', 'TJ', 'VE', 'ET', 'XK'], 'external_urls': {'spotify': 'https://open.spotify.com/album/6ltyScGRzS0Z2TI1VD5dns'}, 'href': 'https://api.spotify.com/v1/albums/6ltyScGRzS0Z2TI1VD5dns', 'id': '6ltyScGRzS0Z2TI1VD5dns', 'images': [{'height': 640, 'url': 'https://i.scdn.co/image/ab67616d0000b273c4441140f4483bb1c18fe7ae', 'width': 640}, {'height': 300, 'url': 'https://i.scdn.co/image/ab67616d00001e02c4441140f4483bb1c18fe7ae', 'width': 300}, {'height': 64, 'url': 'https://i.scdn.co/image/ab67616d00004851c4441140f4483bb1c18fe7ae', 'width': 64}], 'name': 'The Hillbillies', 'release_date': '2023-06-05', 'release_date_precision': 'day', 'total_tracks': 1, 'type': 'album', 'uri': 'spotify:album:6ltyScGRzS0Z2TI1VD5dns'}",20,"https://api.spotify.com/v1/artists/2YZyLoL8N0Wb9xBt1NhZWg/albums?include_groups=album,single,compilation,appears_on&offset=20&limit=20",0,,321
11,"https://api.spotify.com/v1/artists/2YZyLoL8N0Wb9xBt1NhZWg/albums?include_groups=album,single,compilation,appears_on&offset=0&limit=20","{'album_group': 'single', 'album_type': 'single', 'artists': [{'external_urls': {'spotify': 'https://open.spotify.com/artist/2YZyLoL8N0Wb9xBt1NhZWg'}, 'href': 'https://api.spotify.com/v1/artists/2YZyLoL8N0Wb9xBt1NhZWg', 'id': '2YZyLoL8N0Wb9xBt1NhZWg', 'name': 'Kendrick Lamar', 'type': 'artist', 'uri': 'spotify:artist:2YZyLoL8N0Wb9xBt1NhZWg'}], 'available_markets': ['AR', 'AU', 'AT', 'BE', 'BO', 'BR', 'BG', 'CA', 'CL', 'CO', 'CR', 'CY', 'CZ', 'DK', 'DO', 'DE', 'EC', 'EE', 'SV', 'FI', 'FR', 'GR', 'GT', 'HN', 'HK', 'HU', 'IS', 'IE', 'IT', 'LV', 'LT', 'LU', 'MY', 'MT', 'MX', 'NL', 'NZ', 'NI', 'NO', 'PA', 'PY', 'PE', 'PH', 'PL', 'PT', 'SG', 'SK', 'ES', 'SE', 'CH', 'TW', 'TR', 'UY', 'US', 'GB', 'AD', 'LI', 'MC', 'ID', 'JP', 'TH', 'VN', 'RO', 'IL', 'ZA', 'SA', 'AE', 'BH', 'QA', 'OM', 'KW', 'EG', 'MA', 'DZ', 'TN', 'LB', 'JO', 'PS', 'IN', 'KZ', 'MD', 'UA', 'AL', 'BA', 'HR', 'ME', 'MK', 'RS', 'SI', 'KR', 'BD', 'PK', 'LK', 'GH', 'KE', 'NG', 'TZ', 'UG', 'AG', 'AM', 'BS', 'BB', 'BZ', 'BT', 'BW', 'BF', 'CV', 'CW', 'DM', 'FJ', 'GM', 'GE', 'GD', 'GW', 'GY', 'HT', 'JM', 'KI', 'LS', 'LR', 'MW', 'MV', 'ML', 'MH', 'FM', 'NA', 'NR', 'NE', 'PW', 'PG', 'WS', 'SM', 'ST', 'SN', 'SC', 'SL', 'SB', 'KN', 'LC', 'VC', 'SR', 'TL', 'TO', 'TT', 'TV', 'VU', 'AZ', 'BN', 'BI', 'KH', 'CM', 'TD', 'KM', 'GQ', 'SZ', 'GA', 'GN', 'KG', 'LA', 'MO', 'MR', 'MN', 'NP', 'RW', 'TG', 'UZ', 'ZW', 'BJ', 'MG', 'MU', 'MZ', 'AO', 'CI', 'DJ', 'ZM', 'CD', 'CG', 'IQ', 'LY', 'TJ', 'VE', 'ET', 'XK'], 'external_urls': {'spotify': 'https://open.spotify.com/album/5XClh485CRBIIKaNXWWt7Z'}, 'href': 'https://api.spotify.com/v1/albums/5XClh485CRBIIKaNXWWt7Z', 'id': '5XClh485CRBIIKaNXWWt7Z', 'images': [{'height': 640, 'url': 'https://i.scdn.co/image/ab67616d0000b27389877ffdd584dc9b7168044b', 'width': 640}, {'height': 300, 'url': 'https://i.scdn.co/image/ab67616d00001e0289877ffdd584dc9b7168044b', 'width': 300}, {'height': 64, 'url': 'https://i.scdn.co/image/ab67616d0000485189877ffdd584dc9b7168044b', 'width': 64}], 'name': 'The Heart Part 5', 'release_date': '2022-05-08', 'release_date_precision': 'day', 'total_tracks': 1, 'type': 'album', 'uri': 'spotify:album:5XClh485CRBIIKaNXWWt7Z'}",20,"https://api.spotify.com/v1/artists/2YZyLoL8N0Wb9xBt1NhZWg/albums?include_groups=album,single,compilation,appears_on&offset=20&limit=20",0,,321
12,"https://api.spotify.com/v1/artists/2YZyLoL8N0Wb9xBt1NhZWg/albums?include_groups=album,single,compilation,appears_on&offset=0&limit=20","{'album_group': 'single', 'album_type': 'single', 'artists': [{'external_urls': {'spotify': 'https://open.spotify.com/artist/5SXuuuRpukkTvsLuUknva1'}, 'href': 'https://api.spotify.com/v1/artists/5SXuuuRpukkTvsLuUknva1', 'id': '5SXuuuRpukkTvsLuUknva1', 'name': 'Baby Keem', 'type': 'artist', 'uri': 'spotify:artist:5SXuuuRpukkTvsLuUknva1'}, {'external_urls': {'spotify': 'https://open.spotify.com/artist/2YZyLoL8N0Wb9xBt1NhZWg'}, 'href': 'https://api.spotify.com/v1/artists/2YZyLoL8N0Wb9xBt1NhZWg', 'id': '2YZyLoL8N0Wb9xBt1NhZWg', 'name': 'Kendrick Lamar', 'type': 'artist', 'uri': 'spotify:artist:2YZyLoL8N0Wb9xBt1NhZWg'}], 'available_markets': ['AR', 'AU', 'AT', 'BE', 'BO', 'BR', 'BG', 'CA', 'CL', 'CO', 'CR', 'CY', 'CZ', 'DK', 'DO', 'DE', 'EC', 'EE', 'SV', 'FI', 'FR', 'GR', 'GT', 'HN', 'HK', 'HU', 'IS', 'IE', 'IT', 'LV', 'LT', 'LU', 'MY', 'MT', 'MX', 'NL', 'NZ', 'NI', 'NO', 'PA', 'PY', 'PE', 'PH', 'PL', 'PT', 'SG', 'SK', 'ES', 'SE', 'CH', 'TW', 'TR', 'UY', 'US', 'GB', 'AD', 'LI', 'MC', 'ID', 'JP', 'TH', 'VN', 'RO', 'IL', 'ZA', 'SA', 'AE', 'BH', 'QA', 'OM', 'KW', 'EG', 'MA', 'DZ', 'TN', 'LB', 'JO', 'PS', 'IN', 'BY', 'KZ', 'MD', 'UA', 'AL', 'BA', 'HR', 'ME', 'MK', 'RS', 'SI', 'KR', 'BD', 'PK', 'LK', 'GH', 'KE', 'NG', 'TZ', 'UG', 'AG', 'AM', 'BS', 'BB', 'BZ', 'BT', 'BW', 'BF', 'CV', 'CW', 'DM', 'FJ', 'GM', 'GE', 'GD', 'GW', 'GY', 'HT', 'JM', 'KI', 'LS', 'LR', 'MW', 'MV', 'ML', 'MH', 'FM', 'NA', 'NR', 'NE', 'PW', 'PG', 'WS', 'SM', 'ST', 'SN', 'SC', 'SL', 'SB', 'KN', 'LC', 'VC', 'SR', 'TL', 'TO', 'TT', 'TV', 'VU', 'AZ', 'BN', 'BI', 'KH', 'CM', 'TD', 'KM', 'GQ', 'SZ', 'GA', 'GN', 'KG', 'LA', 'MO', 'MR', 'MN', 'NP', 'RW', 'TG', 'UZ', 'ZW', 'BJ', 'MG', 'MU', 'MZ', 'AO', 'CI', 'DJ', 'ZM', 'CD', 'CG', 'IQ', 'LY', 'TJ', 'VE', 'ET', 'XK'], 'external_urls': {'spotify': 'https://open.spotify.com/album/3HqmX8hGcbbQZODgayNEYx'}, 'href': 'https://api.spotify.com/v1/albums/3HqmX8hGcbbQZODgayNEYx', 'id': '3HqmX8hGcbbQZODgayNEYx', 'images': [{'height': 640, 'url': 'https://i.scdn.co/image/ab67616d0000b273163028c67a1f4a7c0e83a715', 'width': 640}, {'height': 300, 'url': 'https://i.scdn.co/image/ab67616d00001e02163028c67a1f4a7c0e83a715', 'width': 300}, {'height': 64, 'url': 'https://i.scdn.co/image/ab67616d00004851163028c67a1f4a7c0e83a715', 'width': 64}], 'name': 'family ties (with Kendrick Lamar)', 'release_date': '2021-08-27', 'release_date_precision': 'day', 'total_tracks': 1, 'type': 'album', 'uri': 'spotify:album:3HqmX8hGcbbQZODgayNEYx'}",20,"https://api.spotify.com/v1/artists/2YZyLoL8N0Wb9xBt1NhZWg/albums?include_groups=album,single,compilation,appears_on&offset=20&limit=20",0,,321
13,"https://api.spotify.com/v1/artists/2YZyLoL8N0Wb9xBt1NhZWg/albums?include_groups=album,single,compilation,appears_on&offset=0&limit=20","{'album_group': 'single', 'album_type': 'single', 'artists': [{'external_urls': {'spotify': 'https://open.spotify.com/artist/0NWbwDZY1VkRqFafuQm6wk'}, 'href': 'https://api.spotify.com/v1/artists/0NWbwDZY1VkRqFafuQm6wk', 'id': '0NWbwDZY1VkRqFafuQm6wk', 'name': 'Mike WiLL Made-It', 'type': 'artist', 'uri': 'spotify:artist:0NWbwDZY1VkRqFafuQm6wk'}, {'external_urls': {'spotify': 'https://open.spotify.com/artist/2RdwBSPQiwcmiDo9kixcl8'}, 'href': 'https://api.spotify.com/v1/artists/2RdwBSPQiwcmiDo9kixcl8', 'id': '2RdwBSPQiwcmiDo9kixcl8', 'name': 'Pharrell Williams', 'type': 'artist', 'uri': 'spotify:artist:2RdwBSPQiwcmiDo9kixcl8'}, {'external_urls': {'spotify': 'https://open.spotify.com/artist/2YZyLoL8N0Wb9xBt1NhZWg'}, 'href': 'https://api.spotify.com/v1/artists/2YZyLoL8N0Wb9xBt1NhZWg', 'id': '2YZyLoL8N0Wb9xBt1NhZWg', 'name': 'Kendrick Lamar', 'type': 'artist', 'uri': 'spotify:artist:2YZyLoL8N0Wb9xBt1NhZWg'}], 'available_markets': ['AR', 'AU', 'AT', 'BE', 'BO', 'BR', 'BG', 'CA', 'CL', 'CO', 'CR', 'CY', 'CZ', 'DK', 'DO', 'DE', 'EC', 'EE', 'SV', 'FI', 'FR', 'GR', 'GT', 'HN', 'HK', 'HU', 'IS', 'IE', 'IT', 'LV', 'LT', 'LU', 'MY', 'MT', 'MX', 'NL', 'NZ', 'NI', 'NO', 'PA', 'PY', 'PE', 'PH', 'PL', 'PT', 'SG', 'SK', 'ES', 'SE', 'CH', 'TW', 'TR', 'UY', 'US', 'GB', 'AD', 'LI', 'MC', 'ID', 'JP', 'TH', 'VN', 'RO', 'IL', 'ZA', 'SA', 'AE', 'BH', 'QA', 'OM', 'KW', 'EG', 'MA', 'DZ', 'TN', 'LB', 'JO', 'PS', 'IN', 'KZ', 'MD', 'UA', 'AL', 'BA', 'HR', 'ME', 'MK', 'RS', 'SI', 'KR', 'BD', 'PK', 'LK', 'GH', 'KE', 'NG', 'TZ', 'UG', 'AG', 'AM', 'BS', 'BB', 'BZ', 'BT', 'BW', 'CV', 'CW', 'DM', 'FJ', 'GM', 'GE', 'GD', 'GW', 'GY', 'HT', 'JM', 'KI', 'LS', 'LR', 'MW', 'MV', 'ML', 'MH', 'FM', 'NA', 'NR', 'NE', 'PW', 'PG', 'WS', 'SM', 'ST', 'SN', 'SC', 'SL', 'SB', 'KN', 'LC', 'VC', 'SR', 'TL', 'TO', 'TT', 'TV', 'VU', 'AZ', 'BI', 'KH', 'CM', 'TD', 'KM', 'GQ', 'SZ', 'GA', 'GN', 'KG', 'LA', 'MO', 'MR', 'MN', 'RW', 'TG', 'ZW', 'BJ', 'MG', 'MU', 'MZ', 'AO', 'CI', 'DJ', 'ZM', 'CD', 'CG', 'IQ', 'LY', 'TJ', 'VE', 'ET', 'XK'], 'external_urls': {'spotify': 'https://open.spotify.com/album/0itierEc1U3I8yIi4TtnuT'}, 'href': 'https://api.spotify.com/v1/albums/0itierEc1U3I8yIi4TtnuT', 'id': '0itierEc1U3I8yIi4TtnuT', 'images': [{'height': 640, 'url': 'https://i.scdn.co/image/ab67616d0000b273422f9a190a75e8c5482f7455', 'width': 640}, {'height': 300, 'url': 'https://i.scdn.co/image/ab67616d00001e02422f9a190a75e8c5482f7455', 'width': 300}, {'height': 64, 'url': 'https://i.scdn.co/image/ab67616d00004851422f9a190a75e8c5482f7455', 'width': 64}], 'name': 'The Mantra', 'release_date': '2018-11-14', 'release_date_precision': 'day', 'total_tracks': 1, 'type': 'album', 'uri': 'spotify:album:0itierEc1U3I8yIi4TtnuT'}",20,"https://api.spotify.com/v1/artists/2YZyLoL8N0Wb9xBt1NhZWg/albums?include_groups=album,single,compilation,appears_on&offset=20&limit=20",0,,321
14,"https://api.spotify.com/v1/artists/2YZyLoL8N0Wb9xBt1NhZWg/albums?include_groups=album,single,compilation,appears_on&offset=0&limit=20","{'album_group': 'single', 'album_type': 'single', 'artists': [{'external_urls': {'spotify': 'https://open.spotify.com/artist/28ExwzUQsvgJooOI0X1mr3'}, 'href': 'https://api.spotify.com/v1/artists/28ExwzUQsvgJooOI0X1mr3', 'id': '28ExwzUQsvgJooOI0X1mr3', 'name': 'Jay Rock', 'type': 'artist', 'uri': 'spotify:artist:28ExwzUQsvgJooOI0X1mr3'}, {'external_urls': {'spotify': 'https://open.spotify.com/artist/2YZyLoL8N0Wb9xBt1NhZWg'}, 'href': 'https://api.spotify.com/v1/artists/2YZyLoL8N0Wb9xBt1NhZWg', 'id': '2YZyLoL8N0Wb9xBt1NhZWg', 'name': 'Kendrick Lamar', 'type': 'artist', 'uri': 'spotify:artist:2YZyLoL8N0Wb9xBt1NhZWg'}, {'external_urls': {'spotify': 'https://open.spotify.com/artist/1RyvyyTE3xzB2ZywiAwp0i'}, 'href': 'https://api.spotify.com/v1/artists/1RyvyyTE3xzB2ZywiAwp0i', 'id': '1RyvyyTE3xzB2ZywiAwp0i', 'name': 'Future', 'type': 'artist', 'uri': 'spotify:artist:1RyvyyTE3xzB2ZywiAwp0i'}], 'available_markets': ['AR', 'AU', 'AT', 'BE', 'BO', 'BR', 'BG', 'CA', 'CL', 'CO', 'CR', 'CY', 'CZ', 'DK', 'DO', 'DE', 'EC', 'EE', 'SV', 'FI', 'FR', 'GR', 'GT', 'HN', 'HK', 'HU', 'IS', 'IE', 'IT', 'LV', 'LT', 'LU', 'MY', 'MT', 'MX', 'NL', 'NZ', 'NI', 'NO', 'PA', 'PY', 'PE', 'PH', 'PL', 'PT', 'SG', 'SK', 'ES', 'SE', 'CH', 'TW', 'TR', 'UY', 'US', 'GB', 'AD', 'LI', 'MC', 'ID', 'JP', 'TH', 'VN', 'RO', 'IL', 'ZA', 'SA', 'AE', 'BH', 'QA', 'OM', 'KW', 'EG', 'MA', 'DZ', 'TN', 'LB', 'JO', 'PS', 'IN', 'KZ', 'MD', 'UA', 'AL', 'BA', 'HR', 'ME', 'MK', 'RS', 'SI', 'KR', 'BD', 'PK', 'LK', 'GH', 'KE', 'NG', 'TZ', 'UG', 'AG', 'AM', 'BS', 'BB', 'BZ', 'BT', 'BW', 'CV', 'CW', 'DM', 'FJ', 'GM', 'GE', 'GD', 'GW', 'GY', 'HT', 'JM', 'KI', 'LS', 'LR', 'MW', 'MV', 'ML', 'MH', 'FM', 'NA', 'NR', 'NE', 'PW', 'PG', 'WS', 'SM', 'ST', 'SN', 'SC', 'SL', 'SB', 'KN', 'LC', 'VC', 'SR', 'TL', 'TO', 'TT', 'TV', 'VU', 'AZ', 'BI', 'KH', 'CM', 'TD', 'KM', 'GQ', 'SZ', 'GA', 'GN', 'KG', 'LA', 'MO', 'MR', 'MN', 'RW', 'TG', 'ZW', 'BJ', 'MG', 'MU', 'MZ', 'AO', 'CI', 'DJ', 'ZM', 'CD', 'CG', 'IQ', 'LY', 'TJ', 'VE', 'ET', 'XK'], 'external_urls': {'spotify': 'https://open.spotify.com/album/1NXM5lF9YB7a3f1e4R48oH'}, 'href': 'https://api.spotify.com/v1/albums/1NXM5lF9YB7a3f1e4R48oH', 'id': '1NXM5lF9YB7a3f1e4R48oH', 'images': [{'height': 640, 'url': 'https://i.scdn.co/image/ab67616d0000b2739edc391d911405ea9f5c320e', 'width': 640}, {'height': 300, 'url': 'https://i.scdn.co/image/ab67616d00001e029edc391d911405ea9f5c320e', 'width': 300}, {'height': 64, 'url': 'https://i.scdn.co/image/ab67616d000048519edc391d911405ea9f5c320e', 'width': 64}], 'name': ""King's Dead (with Kendrick Lamar, Future & James Blake)"", 'release_date': '2018-01-12', 'release_date_precision': 'day', 'total_tracks': 1, 'type': 'album', 'uri': 'spotify:album:1NXM5lF9YB7a3f1e4R48oH'}",20,"https://api.spotify.com/v1/artists/2YZyLoL8N0Wb9xBt1NhZWg/albums?include_groups=album,single,compilation,appears_on&offset=20&limit=20",0,,321
15,"https://api.spotify.com/v1/artists/2YZyLoL8N0Wb9xBt1NhZWg/albums?include_groups=album,single,compilation,appears_on&offset=0&limit=20","{'album_group': 'single', 'album_type': 'single', 'artists': [{'external_urls': {'spotify': 'https://open.spotify.com/artist/2YZyLoL8N0Wb9xBt1NhZWg'}, 'href': 'https://api.spotify.com/v1/artists/2YZyLoL8N0Wb9xBt1NhZWg', 'id': '2YZyLoL8N0Wb9xBt1NhZWg', 'name': 'Kendrick Lamar', 'type': 'artist', 'uri': 'spotify:artist:2YZyLoL8N0Wb9xBt1NhZWg'}, {'external_urls': {'spotify': 'https://open.spotify.com/artist/7tYKF4w9nC0nq9CsPZTHyP'}, 'href': 'https://api.spotify.com/v1/artists/7tYKF4w9nC0nq9CsPZTHyP', 'id': '7tYKF4w9nC0nq9CsPZTHyP', 'name': 'SZA', 'type': 'artist', 'uri': 'spotify:artist:7tYKF4w9nC0nq9CsPZTHyP'}], 'available_markets': ['AR', 'AU', 'AT', 'BE', 'BO', 'BR', 'BG', 'CA', 'CL', 'CO', 'CR', 'CY', 'CZ', 'DK', 'DO', 'DE', 'EC', 'EE', 'SV', 'FI', 'FR', 'GR', 'GT', 'HN', 'HK', 'HU', 'IS', 'IE', 'IT', 'LV', 'LT', 'LU', 'MY', 'MT', 'MX', 'NL', 'NZ', 'NI', 'NO', 'PA', 'PY', 'PE', 'PH', 'PL', 'PT', 'SG', 'SK', 'ES', 'SE', 'CH', 'TW', 'TR', 'UY', 'US', 'GB', 'AD', 'LI', 'MC', 'ID', 'JP', 'TH', 'VN', 'RO', 'IL', 'ZA', 'SA', 'AE', 'BH', 'QA', 'OM', 'KW', 'EG', 'MA', 'DZ', 'TN', 'LB', 'JO', 'PS', 'IN', 'KZ', 'MD', 'UA', 'AL', 'BA', 'HR', 'ME', 'MK', 'RS', 'SI', 'KR', 'BD', 'PK', 'LK', 'GH', 'KE', 'NG', 'TZ', 'UG', 'AG', 'AM', 'BS', 'BB', 'BZ', 'BT', 'BW', 'CV', 'CW', 'DM', 'FJ', 'GM', 'GE', 'GD', 'GW', 'GY', 'HT', 'JM', 'KI', 'LS', 'LR', 'MW', 'MV', 'ML', 'MH', 'FM', 'NA', 'NR', 'NE', 'PW', 'PG', 'WS', 'SM', 'ST', 'SN', 'SC', 'SL', 'SB', 'KN', 'LC', 'VC', 'SR', 'TL', 'TO', 'TT', 'TV', 'VU', 'AZ', 'BI', 'KH', 'CM', 'TD', 'KM', 'GQ', 'SZ', 'GA', 'GN', 'KG', 'LA', 'MO', 'MR', 'MN', 'RW', 'TG', 'ZW', 'BJ', 'MG', 'MU', 'MZ', 'AO', 'CI', 'DJ', 'ZM', 'CD', 'CG', 'IQ', 'LY', 'TJ', 'VE', 'ET', 'XK'], 'external_urls': {'spotify': 'https://open.spotify.com/album/3mau89iBea8nCPw3I8kKAk'}, 'href': 'https://api.spotify.com/v1/albums/3mau89iBea8nCPw3I8kKAk', 'id': '3mau89iBea8nCPw3I8kKAk', 'images': [{'height': 640, 'url': 'https://i.scdn.co/image/ab67616d0000b273c1a0ccc389f263d63d39175f', 'width': 640}, {'height': 300, 'url': 'https://i.scdn.co/image/ab67616d00001e02c1a0ccc389f263d63d39175f', 'width': 300}, {'height': 64, 'url': 'https://i.scdn.co/image/ab67616d00004851c1a0ccc389f263d63d39175f', 'width': 64}], 'name': 'All The Stars (with SZA)', 'release_date': '2018-01-04', 'release_date_precision': 'day', 'total_tracks': 1, 'type': 'album', 'uri': 'spotify:album:3mau89iBea8nCPw3I8kKAk'}",20,"https://api.spotify.com/v1/artists/2YZyLoL8N0Wb9xBt1NhZWg/albums?include_groups=album,single,compilation,appears_on&offset=20&limit=20",0,,321
16,"https://api.spotify.com/v1/artists/2YZyLoL8N0Wb9xBt1NhZWg/albums?include_groups=album,single,compilation,appears_on&offset=0&limit=20","{'album_group': 'single', 'album_type': 'single', 'artists': [{'external_urls': {'spotify': 'https://open.spotify.com/artist/5he5w2lnU9x7JFhnwcekXX'}, 'href': 'https://api.spotify.com/v1/artists/5he5w2lnU9x7JFhnwcekXX', 'id': '5he5w2lnU9x7JFhnwcekXX', 'name': 'Skrillex', 'type': 'artist', 'uri': 'spotify:artist:5he5w2lnU9x7JFhnwcekXX'}, {'external_urls': {'spotify': 'https://open.spotify.com/artist/2YZyLoL8N0Wb9xBt1NhZWg'}, 'href': 'https://api.spotify.com/v1/artists/2YZyLoL8N0Wb9xBt1NhZWg', 'id': '2YZyLoL8N0Wb9xBt1NhZWg', 'name': 'Kendrick Lamar', 'type': 'artist', 'uri': 'spotify:artist:2YZyLoL8N0Wb9xBt1NhZWg'}], 'available_markets': ['AR', 'AU', 'AT', 'BE', 'BO', 'BR', 'BG', 'CA', 'CL', 'CO', 'CR', 'CY', 'CZ', 'DK', 'DO', 'DE', 'EC', 'EE', 'SV', 'FI', 'FR', 'GR', 'GT', 'HN', 'HK', 'HU', 'IS', 'IE', 'IT', 'LV', 'LT', 'LU', 'MY', 'MT', 'MX', 'NL', 'NZ', 'NI', 'NO', 'PA', 'PY', 'PE', 'PH', 'PL', 'PT', 'SG', 'SK', 'ES', 'SE', 'CH', 'TW', 'TR', 'UY', 'US', 'GB', 'AD', 'LI', 'MC', 'ID', 'JP', 'TH', 'VN', 'RO', 'IL', 'ZA', 'SA', 'AE', 'BH', 'QA', 'OM', 'KW', 'EG', 'MA', 'DZ', 'TN', 'LB', 'JO', 'PS', 'IN', 'BY', 'KZ', 'MD', 'UA', 'AL', 'BA', 'HR', 'ME', 'MK', 'RS', 'SI', 'KR', 'BD', 'PK', 'LK', 'GH', 'KE', 'NG', 'TZ', 'UG', 'AG', 'AM', 'BS', 'BB', 'BZ', 'BT', 'BW', 'CV', 'CW', 'DM', 'FJ', 'GM', 'GE', 'GD', 'GW', 'GY', 'HT', 'JM', 'KI', 'LS', 'LR', 'MW', 'MV', 'ML', 'MH', 'FM', 'NA', 'NR', 'NE', 'PW', 'PG', 'WS', 'SM', 'ST', 'SN', 'SC', 'SL', 'SB', 'KN', 'LC', 'VC', 'SR', 'TL', 'TO', 'TT', 'TV', 'VU', 'AZ', 'BI', 'KH', 'CM', 'TD', 'KM', 'GQ', 'SZ', 'GA', 'GN', 'KG', 'LA', 'MO', 'MR', 'MN', 'NP', 'RW', 'TG', 'UZ', 'ZW', 'BJ', 'MG', 'MU', 'MZ', 'AO', 'CI', 'DJ', 'ZM', 'CD', 'CG', 'IQ', 'LY', 'TJ', 'VE', 'ET', 'XK'], 'external_urls': {'spotify': 'https://open.spotify.com/album/1X4aaOIXvs6gWtQZQpln4V'}, 'href': 'https://api.spotify.com/v1/albums/1X4aaOIXvs6gWtQZQpln4V', 'id': '1X4aaOIXvs6gWtQZQpln4V', 'images': [{'height': 640, 'url': 'https://i.scdn.co/image/ab67616d0000b273bd01ceabd584855b2edd838d', 'width': 640}, {'height': 300, 'url': 'https://i.scdn.co/image/ab67616d00001e02bd01ceabd584855b2edd838d', 'width': 300}, {'height': 64, 'url': 'https://i.scdn.co/image/ab67616d00004851bd01ceabd584855b2edd838d', 'width': 64}], 'name': 'HUMBLE. (SKRILLEX REMIX)', 'release_date': '2017-09-29', 'release_date_precision': 'day', 'total_tracks': 1, 'type': 'album', 'uri': 'spotify:album:1X4aaOIXvs6gWtQZQpln4V'}",20,"https://api.spotify.com/v1/artists/2YZyLoL8N0Wb9xBt1NhZWg/albums?include_groups=album,single,compilation,appears_on&offset=20&limit=20",0,,321
17,"https://api.spotify.com/v1/artists/2YZyLoL8N0Wb9xBt1NhZWg/albums?include_groups=album,single,compilation,appears_on&offset=0&limit=20","{'album_group': 'single', 'album_type': 'single', 'artists': [{'external_urls': {'spotify': 'https://open.spotify.com/artist/2YZyLoL8N0Wb9xBt1NhZWg'}, 'href': 'https://api.spotify.com/v1/artists/2YZyLoL8N0Wb9xBt1NhZWg', 'id': '2YZyLoL8N0Wb9xBt1NhZWg', 'name': 'Kendrick Lamar', 'type': 'artist', 'uri': 'spotify:artist:2YZyLoL8N0Wb9xBt1NhZWg'}], 'available_markets': ['AR', 'AU', 'AT', 'BE', 'BO', 'BR', 'BG', 'CA', 'CL', 'CO', 'CR', 'CY', 'CZ', 'DK', 'DO', 'DE', 'EC', 'EE', 'SV', 'FI', 'FR', 'GR', 'GT', 'HN', 'HK', 'HU', 'IS', 'IE', 'IT', 'LV', 'LT', 'LU', 'MT', 'MX', 'NL', 'NZ', 'NI', 'NO', 'PA', 'PY', 'PE', 'PH', 'PL', 'PT', 'SG', 'SK', 'ES', 'SE', 'CH', 'TW', 'UY', 'US', 'GB', 'AD', 'LI', 'MC', 'JP', 'TH', 'VN', 'RO', 'IL', 'ZA', 'SA', 'AE', 'BH', 'QA', 'OM', 'KW', 'EG', 'MA', 'DZ', 'TN', 'LB', 'JO', 'MD', 'AL', 'BA', 'HR', 'ME', 'MK', 'RS', 'SI', 'KR', 'BD', 'PK', 'LK', 'KE', 'NG', 'TZ', 'UG', 'AG', 'AM', 'BS', 'BZ', 'BT', 'BW', 'CV', 'CW', 'DM', 'FJ', 'GM', 'GE', 'GD', 'GW', 'GY', 'HT', 'JM', 'KI', 'LS', 'LR', 'MW', 'MV', 'ML', 'MH', 'FM', 'NA', 'NR', 'NE', 'PW', 'PG', 'WS', 'SM', 'ST', 'SN', 'SC', 'SL', 'SB', 'KN', 'LC', 'VC', 'SR', 'TL', 'TO', 'TT', 'TV', 'VU', 'AZ', 'BI', 'KH', 'CM', 'KM', 'GQ', 'SZ', 'GA', 'GN', 'LA', 'MO', 'MR', 'MN', 'RW', 'TG', 'ZW', 'BJ', 'MG', 'MU', 'MZ', 'AO', 'CI', 'DJ', 'ZM', 'CD', 'CG', 'IQ', 'LY', 'TJ', 'VE', 'ET', 'XK'], 'external_urls': {'spotify': 'https://open.spotify.com/album/1EmfbMC739Pfi2Q3U4a0Y7'}, 'href': 'https://api.spotify.com/v1/albums/1EmfbMC739Pfi2Q3U4a0Y7', 'id': '1EmfbMC739Pfi2Q3U4a0Y7', 'images': [{'height': 640, 'url': 'https://i.scdn.co/image/ab67616d0000b27395c7e3e167ae665f4a95bdf7', 'width': 640}, {'height': 300, 'url': 'https://i.scdn.co/image/ab67616d00001e0295c7e3e167ae665f4a95bdf7', 'width': 300}, {'height': 64, 'url': 'https://i.scdn.co/image/ab67616d0000485195c7e3e167ae665f4a95bdf7', 'width': 64}], 'name': 'untitled 07 | levitate', 'release_date': '2016-03-23', 'release_date_precision': 'day', 'total_tracks': 1, 'type': 'album', 'uri': 'spotify:album:1EmfbMC739Pfi2Q3U4a0Y7'}",20,"https://api.spotify.com/v1/artists/2YZyLoL8N0Wb9xBt1NhZWg/albums?include_groups=album,single,compilation,appears_on&offset=20&limit=20",0,,321
18,"https://api.spotify.com/v1/artists/2YZyLoL8N0Wb9xBt1NhZWg/albums?include_groups=album,single,compilation,appears_on&offset=0&limit=20","{'album_group': 'single', 'album_type': 'single', 'artists': [{'external_urls': {'spotify': 'https://open.spotify.com/artist/2YZyLoL8N0Wb9xBt1NhZWg'}, 'href': 'https://api.spotify.com/v1/artists/2YZyLoL8N0Wb9xBt1NhZWg', 'id': '2YZyLoL8N0Wb9xBt1NhZWg', 'name': 'Kendrick Lamar', 'type': 'artist', 'uri': 'spotify:artist:2YZyLoL8N0Wb9xBt1NhZWg'}], 'available_markets': ['AR', 'AU', 'AT', 'BE', 'BO', 'BR', 'BG', 'CA', 'CL', 'CO', 'CR', 'CY', 'CZ', 'DK', 'DO', 'DE', 'EC', 'EE', 'SV', 'FI', 'FR', 'GR', 'GT', 'HN', 'HK', 'HU', 'IS', 'IE', 'IT', 'LV', 'LT', 'LU', 'MT', 'MX', 'NL', 'NZ', 'NI', 'NO', 'PA', 'PY', 'PE', 'PH', 'PL', 'PT', 'SG', 'SK', 'ES', 'SE', 'CH', 'TW', 'UY', 'US', 'GB', 'AD', 'LI', 'MC', 'JP', 'TH', 'VN', 'RO', 'IL', 'ZA', 'SA', 'AE', 'BH', 'QA', 'OM', 'KW', 'EG', 'MA', 'DZ', 'TN', 'LB', 'JO', 'MD', 'AL', 'BA', 'HR', 'ME', 'MK', 'RS', 'SI', 'KR', 'BD', 'PK', 'LK', 'KE', 'NG', 'TZ', 'UG', 'AG', 'AM', 'BS', 'BZ', 'BT', 'BW', 'CV', 'CW', 'DM', 'FJ', 'GM', 'GE', 'GD', 'GW', 'GY', 'HT', 'JM', 'KI', 'LS', 'LR', 'MW', 'MV', 'ML', 'MH', 'FM', 'NA', 'NR', 'NE', 'PW', 'PG', 'WS', 'SM', 'ST', 'SN', 'SC', 'SL', 'SB', 'KN', 'LC', 'VC', 'SR', 'TL', 'TO', 'TT', 'TV', 'VU', 'AZ', 'BN', 'BI', 'KH', 'CM', 'KM', 'GQ', 'SZ', 'GA', 'GN', 'LA', 'MO', 'MR', 'MN', 'RW', 'TG', 'ZW', 'BJ', 'MG', 'MU', 'MZ', 'AO', 'CI', 'DJ', 'ZM', 'CD', 'CG', 'IQ', 'LY', 'TJ', 'VE', 'ET', 'XK'], 'external_urls': {'spotify': 'https://open.spotify.com/album/1NraTMiymF8p2ZuiO7TV2A'}, 'href': 'https://api.spotify.com/v1/albums/1NraTMiymF8p2ZuiO7TV2A', 'id': '1NraTMiymF8p2ZuiO7TV2A', 'images': [{'height': 640, 'url': 'https://i.scdn.co/image/ab67616d0000b2736be71c70c1a192965e3930fe', 'width': 640}, {'height': 300, 'url': 'https://i.scdn.co/image/ab67616d00001e026be71c70c1a192965e3930fe', 'width': 300}, {'height': 64, 'url': 'https://i.scdn.co/image/ab67616d000048516be71c70c1a192965e3930fe', 'width': 64}], 'name': 'These Walls', 'release_date': '2015-10-16', 'release_date_precision': 'day', 'total_tracks': 1, 'type': 'album', 'uri': 'spotify:album:1NraTMiymF8p2ZuiO7TV2A'}",20,"https://api.spotify.com/v1/artists/2YZyLoL8N0Wb9xBt1NhZWg/albums?include_groups=album,single,compilation,appears_on&offset=20&limit=20",0,,321
19,"https://api.spotify.com/v1/artists/2YZyLoL8N0Wb9xBt1NhZWg/albums?include_groups=album,single,compilation,appears_on&offset=0&limit=20","{'album_group': 'single', 'album_type': 'single', 'artists': [{'external_urls': {'spotify': 'https://open.spotify.com/artist/2YZyLoL8N0Wb9xBt1NhZWg'}, 'href': 'https://api.spotify.com/v1/artists/2YZyLoL8N0Wb9xBt1NhZWg', 'id': '2YZyLoL8N0Wb9xBt1NhZWg', 'name': 'Kendrick Lamar', 'type': 'artist', 'uri': 'spotify:artist:2YZyLoL8N0Wb9xBt1NhZWg'}], 'available_markets': ['AR', 'AU', 'AT', 'BE', 'BO', 'BR', 'BG', 'CA', 'CL', 'CO', 'CR', 'CY', 'CZ', 'DK', 'DO', 'DE', 'EC', 'EE', 'SV', 'FI', 'FR', 'GR', 'GT', 'HN', 'HK', 'HU', 'IS', 'IE', 'IT', 'LV', 'LT', 'LU', 'MT', 'MX', 'NL', 'NZ', 'NI', 'NO', 'PA', 'PY', 'PE', 'PH', 'PL', 'PT', 'SG', 'SK', 'ES', 'SE', 'CH', 'TW', 'UY', 'US', 'GB', 'AD', 'LI', 'MC', 'JP', 'TH', 'VN', 'RO', 'IL', 'ZA', 'SA', 'AE', 'BH', 'QA', 'OM', 'KW', 'EG', 'MA', 'DZ', 'TN', 'LB', 'JO', 'MD', 'AL', 'BA', 'HR', 'ME', 'MK', 'RS', 'SI', 'KR', 'BD', 'PK', 'LK', 'KE', 'NG', 'TZ', 'UG', 'AG', 'AM', 'BS', 'BZ', 'BT', 'BW', 'CV', 'CW', 'DM', 'FJ', 'GM', 'GE', 'GD', 'GW', 'GY', 'HT', 'JM', 'KI', 'LS', 'LR', 'MW', 'MV', 'ML', 'MH', 'FM', 'NA', 'NR', 'NE', 'PW', 'PG', 'WS', 'SM', 'ST', 'SN', 'SC', 'SL', 'SB', 'KN', 'LC', 'VC', 'SR', 'TL', 'TO', 'TT', 'TV', 'VU', 'AZ', 'BN', 'BI', 'KH', 'CM', 'KM', 'GQ', 'SZ', 'GA', 'GN', 'LA', 'MO', 'MR', 'MN', 'RW', 'TG', 'ZW', 'BJ', 'MG', 'MU', 'MZ', 'AO', 'CI', 'DJ', 'ZM', 'CD', 'CG', 'IQ', 'LY', 'TJ', 'VE', 'ET', 'XK'], 'external_urls': {'spotify': 'https://open.spotify.com/album/3VHFFHjes58Bu52Kyec26i'}, 'href': 'https://api.spotify.com/v1/albums/3VHFFHjes58Bu52Kyec26i', 'id': '3VHFFHjes58Bu52Kyec26i', 'images': [{'height': 640, 'url': 'https://i.scdn.co/image/ab67616d0000b2734e267faafd063f288b4890bc', 'width': 640}, {'height': 300, 'url': 'https://i.scdn.co/image/ab67616d00001e024e267faafd063f288b4890bc', 'width': 300}, {'height': 64, 'url': 'https://i.scdn.co/image/ab67616d000048514e267faafd063f288b4890bc', 'width': 64}], 'name': 'Alright', 'release_date': '2015-10-16', 'release_date_precision': 'day', 'total_tracks': 1, 'type': 'album', 'uri': 'spotify:album:3VHFFHjes58Bu52Kyec26i'}",20,"https://api.spotify.com/v1/artists/2YZyLoL8N0Wb9xBt1NhZWg/albums?include_groups=album,single,compilation,appears_on&offset=20&limit=20",0,,321
